"","eventid","eventname","subtype","description","price","openWeek","closeWeek","openSat","closeSat","openSun","closeSun","eventlength","popularity"
"1",2,"Leopard Bar",NA,NA,NA,NA,NA,NA,NA,NA,NA,NA,141
"2",4,"The Piano Bar Cape Town",NA,NA,NA,NA,NA,NA,NA,NA,NA,NA,122
"3",6,"Alexander Bar, Cafe & Theatre",NA,NA,NA,NA,NA,NA,NA,NA,NA,NA,45
"4",8,"Bascule Whisky, Wine & Cocktail Bar",NA,NA,NA,NA,NA,NA,NA,NA,NA,NA,72
"5",10,"Orphanage",NA,NA,NA,NA,NA,NA,NA,NA,NA,NA,85
"6",12,"Ashanti Lodge Gardens",NA,NA,NA,NA,NA,NA,NA,NA,NA,NA,435
"7",14,"Twankey Bar",NA,NA,NA,NA,NA,NA,NA,NA,NA,NA,45
"8",16,"House of Machines",NA,NA,NA,NA,NA,NA,NA,NA,NA,NA,43
"9",18,"Charango Grill and Bar",NA,NA,NA,NA,NA,NA,NA,NA,NA,NA,100
"10",20,"Long Street",NA,NA,NA,NA,NA,NA,NA,NA,NA,NA,554
"11",22,"Cape Royale Luxury Hotel",NA,NA,NA,NA,NA,NA,NA,NA,NA,NA,1325
"12",24,"Cape Grace",NA,NA,NA,NA,NA,NA,NA,NA,NA,NA,1652
"13",26,"The Bay Hotel",NA,NA,NA,NA,NA,NA,NA,NA,NA,NA,900
"14",28,"The Power and the Glory",NA,NA,NA,NA,NA,NA,NA,NA,NA,NA,36
"15",30,"Once in Cape Town",NA,NA,NA,NA,NA,NA,NA,NA,NA,NA,331
"16",32,"Tjing Tjing",NA,NA,NA,NA,NA,NA,NA,NA,NA,NA,54
"17",34,"Winchester Mansions",NA,NA,NA,NA,NA,NA,NA,NA,NA,NA,834
"18",36,"The Twelve Apostles Hotel and Spa",NA,NA,NA,NA,NA,NA,NA,NA,NA,NA,1308
"19",38,"Julep Bar",NA,NA,NA,NA,NA,NA,NA,NA,NA,NA,10
"20",40,"Grand Daddy Hotel",NA,NA,NA,NA,NA,NA,NA,NA,NA,NA,281
"21",42,"Park Inn by Radisson Cape Town Foreshore",NA,NA,NA,NA,NA,NA,NA,NA,NA,NA,594
"22",44,"Aces'n'spades Bar",NA,NA,NA,NA,NA,NA,NA,NA,NA,NA,9
"23",46,"Planet Bar",NA,NA,NA,NA,NA,NA,NA,NA,NA,NA,26
"24",48,"Tiger's Milk on Long",NA,NA,NA,NA,NA,NA,NA,NA,NA,NA,148
"25",50,"Van Hunks",NA,NA,NA,NA,NA,NA,NA,NA,NA,NA,125
"26",52,"The Village Idiot",NA,NA,NA,NA,NA,NA,NA,NA,NA,NA,67
"27",54,"The Rose Bar",NA,NA,NA,NA,NA,NA,NA,NA,NA,NA,25
"28",56,"The Village Lodge",NA,NA,NA,NA,NA,NA,NA,NA,NA,NA,105
"29",58,"Southern Sun The Cullinan",NA,NA,NA,NA,NA,NA,NA,NA,NA,NA,1275
"30",60,"Penthouse on Long",NA,NA,NA,NA,NA,NA,NA,NA,NA,NA,110
"31",62,"Leopard Bar",NA,NA,NA,NA,NA,NA,NA,NA,NA,NA,10
"32",64,"The Piano Bar Cape Town",NA,NA,NA,NA,NA,NA,NA,NA,NA,NA,4785
"33",66,"Alexander Bar, Cafe & Theatre",NA,NA,NA,NA,NA,NA,NA,NA,NA,NA,249
"34",68,"Bascule Whisky, Wine & Cocktail Bar",NA,NA,NA,NA,NA,NA,NA,NA,NA,NA,5
"35",70,"Orphanage",NA,NA,NA,NA,NA,NA,NA,NA,NA,NA,43
"36",72,"Ashanti Lodge Gardens",NA,NA,NA,NA,NA,NA,NA,NA,NA,NA,14
"37",74,"Twankey Bar",NA,NA,NA,NA,NA,NA,NA,NA,NA,NA,16
"38",76,"House of Machines",NA,NA,NA,NA,NA,NA,NA,NA,NA,NA,438
"39",78,"Charango Grill and Bar",NA,NA,NA,NA,NA,NA,NA,NA,NA,NA,60
"40",80,"Long Street",NA,NA,NA,NA,NA,NA,NA,NA,NA,NA,116
"41",82,"Cape Royale Luxury Hotel",NA,NA,NA,NA,NA,NA,NA,NA,NA,NA,3
"42",84,"Cape Grace",NA,NA,NA,NA,NA,NA,NA,NA,NA,NA,277
"43",86,"The Bay Hotel",NA,NA,NA,NA,NA,NA,NA,NA,NA,NA,45
"44",88,"The Power and the Glory",NA,NA,NA,NA,NA,NA,NA,NA,NA,NA,0
"45",90,"Once in Cape Town",NA,NA,NA,NA,NA,NA,NA,NA,NA,NA,19
"46",92,"Tjing Tjing",NA,NA,NA,NA,NA,NA,NA,NA,NA,NA,44
"47",94,"Winchester Mansions",NA,NA,NA,NA,NA,NA,NA,NA,NA,NA,1
"48",96,"The Twelve Apostles Hotel and Spa",NA,NA,NA,NA,NA,NA,NA,NA,NA,NA,270
"49",98,"Julep Bar",NA,NA,NA,NA,NA,NA,NA,NA,NA,NA,1
"50",100,"Grand Daddy Hotel",NA,NA,NA,NA,NA,NA,NA,NA,NA,NA,127
"51",2,"Leopard Bar",NA,NA,NA,NA,NA,NA,NA,NA,NA,NA,141
"52",4,"The Piano Bar Cape Town",NA,NA,NA,NA,NA,NA,NA,NA,NA,NA,122
"53",6,"Alexander Bar, Cafe & Theatre",NA,NA,NA,NA,NA,NA,NA,NA,NA,NA,45
"54",8,"Bascule Whisky, Wine & Cocktail Bar",NA,NA,NA,NA,NA,NA,NA,NA,NA,NA,72
"55",10,"Orphanage",NA,NA,NA,NA,NA,NA,NA,NA,NA,NA,85
"56",12,"Ashanti Lodge Gardens",NA,NA,NA,NA,NA,NA,NA,NA,NA,NA,435
"57",14,"Twankey Bar",NA,NA,NA,NA,NA,NA,NA,NA,NA,NA,45
"58",16,"House of Machines",NA,NA,NA,NA,NA,NA,NA,NA,NA,NA,43
"59",18,"Charango Grill and Bar",NA,NA,NA,NA,NA,NA,NA,NA,NA,NA,100
"60",20,"Long Street",NA,NA,NA,NA,NA,NA,NA,NA,NA,NA,554
"61",22,"Cape Royale Luxury Hotel",NA,NA,NA,NA,NA,NA,NA,NA,NA,NA,1325
"62",24,"Cape Grace",NA,NA,NA,NA,NA,NA,NA,NA,NA,NA,1652
"63",26,"The Bay Hotel",NA,NA,NA,NA,NA,NA,NA,NA,NA,NA,900
"64",28,"The Power and the Glory",NA,NA,NA,NA,NA,NA,NA,NA,NA,NA,36
"65",30,"Once in Cape Town",NA,NA,NA,NA,NA,NA,NA,NA,NA,NA,331
"66",32,"Tjing Tjing",NA,NA,NA,NA,NA,NA,NA,NA,NA,NA,54
"67",34,"Winchester Mansions",NA,NA,NA,NA,NA,NA,NA,NA,NA,NA,834
"68",36,"The Twelve Apostles Hotel and Spa",NA,NA,NA,NA,NA,NA,NA,NA,NA,NA,1308
"69",38,"Julep Bar",NA,NA,NA,NA,NA,NA,NA,NA,NA,NA,10
"70",40,"Grand Daddy Hotel",NA,NA,NA,NA,NA,NA,NA,NA,NA,NA,281
"71",42,"Park Inn by Radisson Cape Town Foreshore",NA,NA,NA,NA,NA,NA,NA,NA,NA,NA,594
"72",44,"Aces'n'spades Bar",NA,NA,NA,NA,NA,NA,NA,NA,NA,NA,9
"73",46,"Planet Bar",NA,NA,NA,NA,NA,NA,NA,NA,NA,NA,26
"74",48,"Tiger's Milk on Long",NA,NA,NA,NA,NA,NA,NA,NA,NA,NA,148
"75",50,"Van Hunks",NA,NA,NA,NA,NA,NA,NA,NA,NA,NA,125
"76",52,"The Village Idiot",NA,NA,NA,NA,NA,NA,NA,NA,NA,NA,67
"77",54,"The Rose Bar",NA,NA,NA,NA,NA,NA,NA,NA,NA,NA,25
"78",56,"The Village Lodge",NA,NA,NA,NA,NA,NA,NA,NA,NA,NA,105
"79",58,"Southern Sun The Cullinan",NA,NA,NA,NA,NA,NA,NA,NA,NA,NA,1275
"80",60,"Penthouse on Long",NA,NA,NA,NA,NA,NA,NA,NA,NA,NA,110
"81",62,"Leopard Bar",NA,NA,NA,NA,NA,NA,NA,NA,NA,NA,10
"82",64,"The Piano Bar Cape Town",NA,NA,NA,NA,NA,NA,NA,NA,NA,NA,4785
"83",66,"Alexander Bar, Cafe & Theatre",NA,NA,NA,NA,NA,NA,NA,NA,NA,NA,249
"84",68,"Bascule Whisky, Wine & Cocktail Bar",NA,NA,NA,NA,NA,NA,NA,NA,NA,NA,5
"85",70,"Orphanage",NA,NA,NA,NA,NA,NA,NA,NA,NA,NA,43
"86",72,"Ashanti Lodge Gardens",NA,NA,NA,NA,NA,NA,NA,NA,NA,NA,14
"87",74,"Twankey Bar",NA,NA,NA,NA,NA,NA,NA,NA,NA,NA,16
"88",76,"House of Machines",NA,NA,NA,NA,NA,NA,NA,NA,NA,NA,438
"89",78,"Charango Grill and Bar",NA,NA,NA,NA,NA,NA,NA,NA,NA,NA,60
"90",80,"Long Street",NA,NA,NA,NA,NA,NA,NA,NA,NA,NA,116
"91",82,"Cape Royale Luxury Hotel",NA,NA,NA,NA,NA,NA,NA,NA,NA,NA,3
"92",84,"Cape Grace",NA,NA,NA,NA,NA,NA,NA,NA,NA,NA,277
"93",86,"The Bay Hotel",NA,NA,NA,NA,NA,NA,NA,NA,NA,NA,45
"94",88,"The Power and the Glory",NA,NA,NA,NA,NA,NA,NA,NA,NA,NA,0
"95",90,"Once in Cape Town",NA,NA,NA,NA,NA,NA,NA,NA,NA,NA,19
"96",92,"Tjing Tjing",NA,NA,NA,NA,NA,NA,NA,NA,NA,NA,44
"97",94,"Winchester Mansions",NA,NA,NA,NA,NA,NA,NA,NA,NA,NA,1
"98",96,"The Twelve Apostles Hotel and Spa",NA,NA,NA,NA,NA,NA,NA,NA,NA,NA,270
"99",98,"Julep Bar",NA,NA,NA,NA,NA,NA,NA,NA,NA,NA,1
"100",100,"Grand Daddy Hotel",NA,NA,NA,NA,NA,NA,NA,NA,NA,NA,127
"101",2,"Bugz Family Playpark",NA,NA,NA,NA,NA,NA,NA,NA,NA,NA,121
"102",4,"Acrobranch Constantia",NA,NA,NA,NA,NA,NA,NA,NA,NA,NA,46
"103",6,"Victoria & Alfred Waterfront",NA,NA,NA,NA,NA,NA,NA,NA,NA,NA,4785
"104",8,"Extreme Scene - Day Trips",NA,NA,NA,NA,NA,NA,NA,NA,NA,NA,106
"105",10,"Platteklip Gorge",NA,NA,NA,NA,NA,NA,NA,NA,NA,NA,35
"106",12,"Kirstenbosch National Botanical Garden",NA,NA,NA,NA,NA,NA,NA,NA,NA,NA,7075
"107",14,"Cape Town Surf School",NA,NA,NA,NA,NA,NA,NA,NA,NA,NA,9
"108",16,"Earthstompers Adventures",NA,NA,NA,NA,NA,NA,NA,NA,NA,NA,243
"109",18,"Aquila Private Game Reserve",NA,NA,NA,NA,NA,NA,NA,NA,NA,NA,229
"110",20,"The Backpackers in Green Point",NA,NA,NA,NA,NA,NA,NA,NA,NA,NA,417
"111",22,"Hotspots2c Travel & Tours",NA,NA,NA,NA,NA,NA,NA,NA,NA,NA,278
"112",24,"Once in Cape Town",NA,NA,NA,NA,NA,NA,NA,NA,NA,NA,331
"113",26,"Hike Table Mountain",NA,NA,NA,NA,NA,NA,NA,NA,NA,NA,523
"114",28,"Glen Boutique Hotel & Spa",NA,NA,NA,NA,NA,NA,NA,NA,NA,NA,735
"115",30,"Baz Bus - Day Tours",NA,NA,NA,NA,NA,NA,NA,NA,NA,NA,846
"116",32,"Blackheath Lodge",NA,NA,NA,NA,NA,NA,NA,NA,NA,NA,1664
"117",34,"SA Forest Adventures Cape Town",NA,NA,NA,NA,NA,NA,NA,NA,NA,NA,158
"118",36,"An African Villa",NA,NA,NA,NA,NA,NA,NA,NA,NA,NA,913
"119",38,"Company's Gardens",NA,NA,NA,NA,NA,NA,NA,NA,NA,NA,808
"120",40,"Victoria & Alfred Hotel",NA,NA,NA,NA,NA,NA,NA,NA,NA,NA,1260
"121",42,"Green Point Park and Biodiversity Garden",NA,NA,NA,NA,NA,NA,NA,NA,NA,NA,457
"122",44,"The Westin Cape Town",NA,NA,NA,NA,NA,NA,NA,NA,NA,NA,1854
"123",46,"The Commodore",NA,NA,NA,NA,NA,NA,NA,NA,NA,NA,924
"124",48,"Table Mountain",NA,NA,NA,NA,NA,NA,NA,NA,NA,NA,7483
"125",50,"Cape Town Tandem Paragliding",NA,NA,NA,NA,NA,NA,NA,NA,NA,NA,156
"126",52,"Blue Rock Adventure Park",NA,NA,NA,NA,NA,NA,NA,NA,NA,NA,29
"127",54,"Scootours",NA,NA,NA,NA,NA,NA,NA,NA,NA,NA,18
"128",56,"One&Only Cape Town",NA,NA,NA,NA,NA,NA,NA,NA,NA,NA,1216
"129",58,"The Table Bay Hotel",NA,NA,NA,NA,NA,NA,NA,NA,NA,NA,1631
"130",60,"2Inn1 Kensington",NA,NA,NA,NA,NA,NA,NA,NA,NA,NA,688
"131",62,"Bugz Family Playpark",NA,NA,NA,NA,NA,NA,NA,NA,NA,NA,10
"132",64,"Acrobranch Constantia",NA,NA,NA,NA,NA,NA,NA,NA,NA,NA,4785
"133",66,"Victoria & Alfred Waterfront",NA,NA,NA,NA,NA,NA,NA,NA,NA,NA,249
"134",68,"Extreme Scene - Day Trips",NA,NA,NA,NA,NA,NA,NA,NA,NA,NA,5
"135",70,"Platteklip Gorge",NA,NA,NA,NA,NA,NA,NA,NA,NA,NA,43
"136",72,"Kirstenbosch National Botanical Garden",NA,NA,NA,NA,NA,NA,NA,NA,NA,NA,14
"137",74,"Cape Town Surf School",NA,NA,NA,NA,NA,NA,NA,NA,NA,NA,16
"138",76,"Earthstompers Adventures",NA,NA,NA,NA,NA,NA,NA,NA,NA,NA,438
"139",78,"Aquila Private Game Reserve",NA,NA,NA,NA,NA,NA,NA,NA,NA,NA,60
"140",80,"The Backpackers in Green Point",NA,NA,NA,NA,NA,NA,NA,NA,NA,NA,116
"141",82,"Hotspots2c Travel & Tours",NA,NA,NA,NA,NA,NA,NA,NA,NA,NA,3
"142",84,"Once in Cape Town",NA,NA,NA,NA,NA,NA,NA,NA,NA,NA,277
"143",86,"Hike Table Mountain",NA,NA,NA,NA,NA,NA,NA,NA,NA,NA,45
"144",88,"Glen Boutique Hotel & Spa",NA,NA,NA,NA,NA,NA,NA,NA,NA,NA,0
"145",90,"Baz Bus - Day Tours",NA,NA,NA,NA,NA,NA,NA,NA,NA,NA,19
"146",92,"Blackheath Lodge",NA,NA,NA,NA,NA,NA,NA,NA,NA,NA,44
"147",94,"SA Forest Adventures Cape Town",NA,NA,NA,NA,NA,NA,NA,NA,NA,NA,1
"148",96,"An African Villa",NA,NA,NA,NA,NA,NA,NA,NA,NA,NA,270
"149",98,"Company's Gardens",NA,NA,NA,NA,NA,NA,NA,NA,NA,NA,1
"150",100,"Victoria & Alfred Hotel",NA,NA,NA,NA,NA,NA,NA,NA,NA,NA,127
"151",2,"Bugz Family Playpark",NA,NA,NA,NA,NA,NA,NA,NA,NA,NA,121
"152",4,"Acrobranch Constantia",NA,NA,NA,NA,NA,NA,NA,NA,NA,NA,46
"153",6,"Victoria & Alfred Waterfront",NA,NA,NA,NA,NA,NA,NA,NA,NA,NA,4785
"154",8,"Extreme Scene - Day Trips",NA,NA,NA,NA,NA,NA,NA,NA,NA,NA,106
"155",10,"Platteklip Gorge",NA,NA,NA,NA,NA,NA,NA,NA,NA,NA,35
"156",12,"Kirstenbosch National Botanical Garden",NA,NA,NA,NA,NA,NA,NA,NA,NA,NA,7075
"157",14,"Cape Town Surf School",NA,NA,NA,NA,NA,NA,NA,NA,NA,NA,9
"158",16,"Earthstompers Adventures",NA,NA,NA,NA,NA,NA,NA,NA,NA,NA,243
"159",18,"Aquila Private Game Reserve",NA,NA,NA,NA,NA,NA,NA,NA,NA,NA,229
"160",20,"The Backpackers in Green Point",NA,NA,NA,NA,NA,NA,NA,NA,NA,NA,417
"161",22,"Hotspots2c Travel & Tours",NA,NA,NA,NA,NA,NA,NA,NA,NA,NA,278
"162",24,"Once in Cape Town",NA,NA,NA,NA,NA,NA,NA,NA,NA,NA,331
"163",26,"Hike Table Mountain",NA,NA,NA,NA,NA,NA,NA,NA,NA,NA,523
"164",28,"Glen Boutique Hotel & Spa",NA,NA,NA,NA,NA,NA,NA,NA,NA,NA,735
"165",30,"Baz Bus - Day Tours",NA,NA,NA,NA,NA,NA,NA,NA,NA,NA,846
"166",32,"Blackheath Lodge",NA,NA,NA,NA,NA,NA,NA,NA,NA,NA,1664
"167",34,"SA Forest Adventures Cape Town",NA,NA,NA,NA,NA,NA,NA,NA,NA,NA,158
"168",36,"An African Villa",NA,NA,NA,NA,NA,NA,NA,NA,NA,NA,913
"169",38,"Company's Gardens",NA,NA,NA,NA,NA,NA,NA,NA,NA,NA,808
"170",40,"Victoria & Alfred Hotel",NA,NA,NA,NA,NA,NA,NA,NA,NA,NA,1260
"171",42,"Green Point Park and Biodiversity Garden",NA,NA,NA,NA,NA,NA,NA,NA,NA,NA,457
"172",44,"The Westin Cape Town",NA,NA,NA,NA,NA,NA,NA,NA,NA,NA,1854
"173",46,"The Commodore",NA,NA,NA,NA,NA,NA,NA,NA,NA,NA,924
"174",48,"Table Mountain",NA,NA,NA,NA,NA,NA,NA,NA,NA,NA,7483
"175",50,"Cape Town Tandem Paragliding",NA,NA,NA,NA,NA,NA,NA,NA,NA,NA,156
"176",52,"Blue Rock Adventure Park",NA,NA,NA,NA,NA,NA,NA,NA,NA,NA,29
"177",54,"Scootours",NA,NA,NA,NA,NA,NA,NA,NA,NA,NA,18
"178",56,"One&Only Cape Town",NA,NA,NA,NA,NA,NA,NA,NA,NA,NA,1216
"179",58,"The Table Bay Hotel",NA,NA,NA,NA,NA,NA,NA,NA,NA,NA,1631
"180",60,"2Inn1 Kensington",NA,NA,NA,NA,NA,NA,NA,NA,NA,NA,688
"181",62,"Bugz Family Playpark",NA,NA,NA,NA,NA,NA,NA,NA,NA,NA,10
"182",64,"Acrobranch Constantia",NA,NA,NA,NA,NA,NA,NA,NA,NA,NA,4785
"183",66,"Victoria & Alfred Waterfront",NA,NA,NA,NA,NA,NA,NA,NA,NA,NA,249
"184",68,"Extreme Scene - Day Trips",NA,NA,NA,NA,NA,NA,NA,NA,NA,NA,5
"185",70,"Platteklip Gorge",NA,NA,NA,NA,NA,NA,NA,NA,NA,NA,43
"186",72,"Kirstenbosch National Botanical Garden",NA,NA,NA,NA,NA,NA,NA,NA,NA,NA,14
"187",74,"Cape Town Surf School",NA,NA,NA,NA,NA,NA,NA,NA,NA,NA,16
"188",76,"Earthstompers Adventures",NA,NA,NA,NA,NA,NA,NA,NA,NA,NA,438
"189",78,"Aquila Private Game Reserve",NA,NA,NA,NA,NA,NA,NA,NA,NA,NA,60
"190",80,"The Backpackers in Green Point",NA,NA,NA,NA,NA,NA,NA,NA,NA,NA,116
"191",82,"Hotspots2c Travel & Tours",NA,NA,NA,NA,NA,NA,NA,NA,NA,NA,3
"192",84,"Once in Cape Town",NA,NA,NA,NA,NA,NA,NA,NA,NA,NA,277
"193",86,"Hike Table Mountain",NA,NA,NA,NA,NA,NA,NA,NA,NA,NA,45
"194",88,"Glen Boutique Hotel & Spa",NA,NA,NA,NA,NA,NA,NA,NA,NA,NA,0
"195",90,"Baz Bus - Day Tours",NA,NA,NA,NA,NA,NA,NA,NA,NA,NA,19
"196",92,"Blackheath Lodge",NA,NA,NA,NA,NA,NA,NA,NA,NA,NA,44
"197",94,"SA Forest Adventures Cape Town",NA,NA,NA,NA,NA,NA,NA,NA,NA,NA,1
"198",96,"An African Villa",NA,NA,NA,NA,NA,NA,NA,NA,NA,NA,270
"199",98,"Company's Gardens",NA,NA,NA,NA,NA,NA,NA,NA,NA,NA,1
"200",100,"Victoria & Alfred Hotel",NA,NA,NA,NA,NA,NA,NA,NA,NA,NA,127
"201",2,"District Six Museum",NA,NA,NA,NA,NA,NA,NA,NA,NA,NA,1026
"202",4,"South African Jewish Museum",NA,NA,NA,NA,NA,NA,NA,NA,NA,NA,407
"203",6,"Iziko South African Museum and Planetarium",NA,NA,NA,NA,NA,NA,NA,NA,NA,NA,208
"204",8,"The Heart of Cape Town Museum",NA,NA,NA,NA,NA,NA,NA,NA,NA,NA,235
"205",10,"Chavonnes Battery Museum",NA,NA,NA,NA,NA,NA,NA,NA,NA,NA,56
"206",12,"Iziko Bo Kaap Museum",NA,NA,NA,NA,NA,NA,NA,NA,NA,NA,38
"207",14,"The Springbok Experience Rugby Museum",NA,NA,NA,NA,NA,NA,NA,NA,NA,NA,315
"208",16,"Iziko Slave Lodge",NA,NA,NA,NA,NA,NA,NA,NA,NA,NA,174
"209",18,"Simon's Town Museum",NA,NA,NA,NA,NA,NA,NA,NA,NA,NA,62
"210",20,"Cape Town Diamond Museum",NA,NA,NA,NA,NA,NA,NA,NA,NA,NA,229
"211",22,"Gold of Africa Museum",NA,NA,NA,NA,NA,NA,NA,NA,NA,NA,64
"212",24,"South African Naval Museum",NA,NA,NA,NA,NA,NA,NA,NA,NA,NA,34
"213",26,"First South African Perfume Museum",NA,NA,NA,NA,NA,NA,NA,NA,NA,NA,66
"214",28,"South African Airforce Museum",NA,NA,NA,NA,NA,NA,NA,NA,NA,NA,5
"215",30,"Rhodes Cottage Museum",NA,NA,NA,NA,NA,NA,NA,NA,NA,NA,19
"216",32,"Iziko South African National Gallery",NA,NA,NA,NA,NA,NA,NA,NA,NA,NA,86
"217",34,"Irma Stern Museum",NA,NA,NA,NA,NA,NA,NA,NA,NA,NA,25
"218",36,"Prins & Prins",NA,NA,NA,NA,NA,NA,NA,NA,NA,NA,60
"219",38,"Shimansky Jewellers",NA,NA,NA,NA,NA,NA,NA,NA,NA,NA,78
"220",40,"Warrior Toy Museum",NA,NA,NA,NA,NA,NA,NA,NA,NA,NA,28
"221",42,"Bo-kaap",NA,NA,NA,NA,NA,NA,NA,NA,NA,NA,701
"222",44,"Company's Gardens",NA,NA,NA,NA,NA,NA,NA,NA,NA,NA,808
"223",46,"Cape Town Holocaust Centre",NA,NA,NA,NA,NA,NA,NA,NA,NA,NA,43
"224",48,"Castle of Good Hope",NA,NA,NA,NA,NA,NA,NA,NA,NA,NA,447
"225",50,"Museum of Gems and Jewellery",NA,NA,NA,NA,NA,NA,NA,NA,NA,NA,3
"226",52,"Noorul Islam Heritage Museum",NA,NA,NA,NA,NA,NA,NA,NA,NA,NA,3
"227",54,"Cafe Riteve",NA,NA,NA,NA,NA,NA,NA,NA,NA,NA,4
"228",56,"Iziko Maritime Centre",NA,NA,NA,NA,NA,NA,NA,NA,NA,NA,6
"229",58,"Robben Island",NA,NA,NA,NA,NA,NA,NA,NA,NA,NA,3870
"230",60,"Langa Township",NA,NA,NA,NA,NA,NA,NA,NA,NA,NA,979
"231",62,NA,NA,NA,NA,NA,NA,NA,NA,NA,NA,NA,10
"232",64,NA,NA,NA,NA,NA,NA,NA,NA,NA,NA,NA,4785
"233",66,NA,NA,NA,NA,NA,NA,NA,NA,NA,NA,NA,249
"234",68,NA,NA,NA,NA,NA,NA,NA,NA,NA,NA,NA,5
"235",70,NA,NA,NA,NA,NA,NA,NA,NA,NA,NA,NA,43
"236",72,NA,NA,NA,NA,NA,NA,NA,NA,NA,NA,NA,14
"237",74,NA,NA,NA,NA,NA,NA,NA,NA,NA,NA,NA,16
"238",76,NA,NA,NA,NA,NA,NA,NA,NA,NA,NA,NA,438
"239",78,NA,NA,NA,NA,NA,NA,NA,NA,NA,NA,NA,60
"240",80,NA,NA,NA,NA,NA,NA,NA,NA,NA,NA,NA,116
"241",82,NA,NA,NA,NA,NA,NA,NA,NA,NA,NA,NA,3
"242",84,NA,NA,NA,NA,NA,NA,NA,NA,NA,NA,NA,277
"243",86,NA,NA,NA,NA,NA,NA,NA,NA,NA,NA,NA,45
"244",88,NA,NA,NA,NA,NA,NA,NA,NA,NA,NA,NA,0
"245",90,NA,NA,NA,NA,NA,NA,NA,NA,NA,NA,NA,19
"246",92,NA,NA,NA,NA,NA,NA,NA,NA,NA,NA,NA,44
"247",94,NA,NA,NA,NA,NA,NA,NA,NA,NA,NA,NA,1
"248",96,NA,NA,NA,NA,NA,NA,NA,NA,NA,NA,NA,270
"249",98,NA,NA,NA,NA,NA,NA,NA,NA,NA,NA,NA,1
"250",100,NA,NA,NA,NA,NA,NA,NA,NA,NA,NA,NA,127
"251",2,"District Six Museum",NA,NA,NA,NA,NA,NA,NA,NA,NA,NA,1026
"252",4,"South African Jewish Museum",NA,NA,NA,NA,NA,NA,NA,NA,NA,NA,407
"253",6,"Iziko South African Museum and Planetarium",NA,NA,NA,NA,NA,NA,NA,NA,NA,NA,208
"254",8,"The Heart of Cape Town Museum",NA,NA,NA,NA,NA,NA,NA,NA,NA,NA,235
"255",10,"Chavonnes Battery Museum",NA,NA,NA,NA,NA,NA,NA,NA,NA,NA,56
"256",12,"Iziko Bo Kaap Museum",NA,NA,NA,NA,NA,NA,NA,NA,NA,NA,38
"257",14,"The Springbok Experience Rugby Museum",NA,NA,NA,NA,NA,NA,NA,NA,NA,NA,315
"258",16,"Iziko Slave Lodge",NA,NA,NA,NA,NA,NA,NA,NA,NA,NA,174
"259",18,"Simon's Town Museum",NA,NA,NA,NA,NA,NA,NA,NA,NA,NA,62
"260",20,"Cape Town Diamond Museum",NA,NA,NA,NA,NA,NA,NA,NA,NA,NA,229
"261",22,"Gold of Africa Museum",NA,NA,NA,NA,NA,NA,NA,NA,NA,NA,64
"262",24,"South African Naval Museum",NA,NA,NA,NA,NA,NA,NA,NA,NA,NA,34
"263",26,"First South African Perfume Museum",NA,NA,NA,NA,NA,NA,NA,NA,NA,NA,66
"264",28,"South African Airforce Museum",NA,NA,NA,NA,NA,NA,NA,NA,NA,NA,5
"265",30,"Rhodes Cottage Museum",NA,NA,NA,NA,NA,NA,NA,NA,NA,NA,19
"266",32,"Iziko South African National Gallery",NA,NA,NA,NA,NA,NA,NA,NA,NA,NA,86
"267",34,"Irma Stern Museum",NA,NA,NA,NA,NA,NA,NA,NA,NA,NA,25
"268",36,"Prins & Prins",NA,NA,NA,NA,NA,NA,NA,NA,NA,NA,60
"269",38,"Shimansky Jewellers",NA,NA,NA,NA,NA,NA,NA,NA,NA,NA,78
"270",40,"Warrior Toy Museum",NA,NA,NA,NA,NA,NA,NA,NA,NA,NA,28
"271",42,"Bo-kaap",NA,NA,NA,NA,NA,NA,NA,NA,NA,NA,701
"272",44,"Company's Gardens",NA,NA,NA,NA,NA,NA,NA,NA,NA,NA,808
"273",46,"Cape Town Holocaust Centre",NA,NA,NA,NA,NA,NA,NA,NA,NA,NA,43
"274",48,"Castle of Good Hope",NA,NA,NA,NA,NA,NA,NA,NA,NA,NA,447
"275",50,"Museum of Gems and Jewellery",NA,NA,NA,NA,NA,NA,NA,NA,NA,NA,3
"276",52,"Noorul Islam Heritage Museum",NA,NA,NA,NA,NA,NA,NA,NA,NA,NA,3
"277",54,"Cafe Riteve",NA,NA,NA,NA,NA,NA,NA,NA,NA,NA,4
"278",56,"Iziko Maritime Centre",NA,NA,NA,NA,NA,NA,NA,NA,NA,NA,6
"279",58,"Robben Island",NA,NA,NA,NA,NA,NA,NA,NA,NA,NA,3870
"280",60,"Langa Township",NA,NA,NA,NA,NA,NA,NA,NA,NA,NA,979
"281",62,NA,NA,NA,NA,NA,NA,NA,NA,NA,NA,NA,10
"282",64,NA,NA,NA,NA,NA,NA,NA,NA,NA,NA,NA,4785
"283",66,NA,NA,NA,NA,NA,NA,NA,NA,NA,NA,NA,249
"284",68,NA,NA,NA,NA,NA,NA,NA,NA,NA,NA,NA,5
"285",70,NA,NA,NA,NA,NA,NA,NA,NA,NA,NA,NA,43
"286",72,NA,NA,NA,NA,NA,NA,NA,NA,NA,NA,NA,14
"287",74,NA,NA,NA,NA,NA,NA,NA,NA,NA,NA,NA,16
"288",76,NA,NA,NA,NA,NA,NA,NA,NA,NA,NA,NA,438
"289",78,NA,NA,NA,NA,NA,NA,NA,NA,NA,NA,NA,60
"290",80,NA,NA,NA,NA,NA,NA,NA,NA,NA,NA,NA,116
"291",82,NA,NA,NA,NA,NA,NA,NA,NA,NA,NA,NA,3
"292",84,NA,NA,NA,NA,NA,NA,NA,NA,NA,NA,NA,277
"293",86,NA,NA,NA,NA,NA,NA,NA,NA,NA,NA,NA,45
"294",88,NA,NA,NA,NA,NA,NA,NA,NA,NA,NA,NA,0
"295",90,NA,NA,NA,NA,NA,NA,NA,NA,NA,NA,NA,19
"296",92,NA,NA,NA,NA,NA,NA,NA,NA,NA,NA,NA,44
"297",94,NA,NA,NA,NA,NA,NA,NA,NA,NA,NA,NA,1
"298",96,NA,NA,NA,NA,NA,NA,NA,NA,NA,NA,NA,270
"299",98,NA,NA,NA,NA,NA,NA,NA,NA,NA,NA,NA,1
"300",100,NA,NA,NA,NA,NA,NA,NA,NA,NA,NA,NA,127
"301",2,"District Six Museum",NA,NA,NA,NA,NA,NA,NA,NA,NA,NA,1026
"302",4,"South African Jewish Museum",NA,NA,NA,NA,NA,NA,NA,NA,NA,NA,407
"303",6,"Iziko South African Museum and Planetarium",NA,NA,NA,NA,NA,NA,NA,NA,NA,NA,208
"304",8,"The Heart of Cape Town Museum",NA,NA,NA,NA,NA,NA,NA,NA,NA,NA,235
"305",10,"Chavonnes Battery Museum",NA,NA,NA,NA,NA,NA,NA,NA,NA,NA,56
"306",12,"Iziko Bo Kaap Museum",NA,NA,NA,NA,NA,NA,NA,NA,NA,NA,38
"307",14,"The Springbok Experience Rugby Museum",NA,NA,NA,NA,NA,NA,NA,NA,NA,NA,315
"308",16,"Iziko Slave Lodge",NA,NA,NA,NA,NA,NA,NA,NA,NA,NA,174
"309",18,"Simon's Town Museum",NA,NA,NA,NA,NA,NA,NA,NA,NA,NA,62
"310",20,"Cape Town Diamond Museum",NA,NA,NA,NA,NA,NA,NA,NA,NA,NA,229
"311",22,"Gold of Africa Museum",NA,NA,NA,NA,NA,NA,NA,NA,NA,NA,64
"312",24,"South African Naval Museum",NA,NA,NA,NA,NA,NA,NA,NA,NA,NA,34
"313",26,"First South African Perfume Museum",NA,NA,NA,NA,NA,NA,NA,NA,NA,NA,66
"314",28,"South African Airforce Museum",NA,NA,NA,NA,NA,NA,NA,NA,NA,NA,5
"315",30,"Rhodes Cottage Museum",NA,NA,NA,NA,NA,NA,NA,NA,NA,NA,19
"316",32,"Iziko South African National Gallery",NA,NA,NA,NA,NA,NA,NA,NA,NA,NA,86
"317",34,"Irma Stern Museum",NA,NA,NA,NA,NA,NA,NA,NA,NA,NA,25
"318",36,"Prins & Prins",NA,NA,NA,NA,NA,NA,NA,NA,NA,NA,60
"319",38,"Shimansky Jewellers",NA,NA,NA,NA,NA,NA,NA,NA,NA,NA,78
"320",40,"Warrior Toy Museum",NA,NA,NA,NA,NA,NA,NA,NA,NA,NA,28
"321",42,"Bo-kaap",NA,NA,NA,NA,NA,NA,NA,NA,NA,NA,701
"322",44,"Company's Gardens",NA,NA,NA,NA,NA,NA,NA,NA,NA,NA,808
"323",46,"Cape Town Holocaust Centre",NA,NA,NA,NA,NA,NA,NA,NA,NA,NA,43
"324",48,"Castle of Good Hope",NA,NA,NA,NA,NA,NA,NA,NA,NA,NA,447
"325",50,"Museum of Gems and Jewellery",NA,NA,NA,NA,NA,NA,NA,NA,NA,NA,3
"326",52,"Noorul Islam Heritage Museum",NA,NA,NA,NA,NA,NA,NA,NA,NA,NA,3
"327",54,"Cafe Riteve",NA,NA,NA,NA,NA,NA,NA,NA,NA,NA,4
"328",56,"Iziko Maritime Centre",NA,NA,NA,NA,NA,NA,NA,NA,NA,NA,6
"329",58,"Robben Island",NA,NA,NA,NA,NA,NA,NA,NA,NA,NA,3870
"330",60,"Langa Township",NA,NA,NA,NA,NA,NA,NA,NA,NA,NA,979
"331",62,"Kumanov Cosmetics",NA,NA,NA,NA,NA,NA,NA,NA,NA,NA,10
"332",64,"Victoria & Alfred Waterfront",NA,NA,NA,NA,NA,NA,NA,NA,NA,NA,4785
"333",66,"Dorp Street",NA,NA,NA,NA,NA,NA,NA,NA,NA,NA,249
"334",68,"Lwandle Migrant Labour Museum",NA,NA,NA,NA,NA,NA,NA,NA,NA,NA,5
"335",70,"SAS Assegaai Museum",NA,NA,NA,NA,NA,NA,NA,NA,NA,NA,43
"336",72,"The Lord Nelson Inn",NA,NA,NA,NA,NA,NA,NA,NA,NA,NA,14
"337",74,"Jewel Africa",NA,NA,NA,NA,NA,NA,NA,NA,NA,NA,16
"338",76,"Vergelegen Estate",NA,NA,NA,NA,NA,NA,NA,NA,NA,NA,438
"339",78,"African Trading Port",NA,NA,NA,NA,NA,NA,NA,NA,NA,NA,60
"340",80,"University of Cape Town",NA,NA,NA,NA,NA,NA,NA,NA,NA,NA,116
"341",82,"Cape Medical Museum",NA,NA,NA,NA,NA,NA,NA,NA,NA,NA,3
"342",84,"Cheriton Guest House B&B",NA,NA,NA,NA,NA,NA,NA,NA,NA,NA,277
"343",86,"Perfume Prive Workshop",NA,NA,NA,NA,NA,NA,NA,NA,NA,NA,45
"344",88,"Medical History Museum",NA,NA,NA,NA,NA,NA,NA,NA,NA,NA,0
"345",90,"Great Synagogue",NA,NA,NA,NA,NA,NA,NA,NA,NA,NA,19
"346",92,"Haas Collective Coffee",NA,NA,NA,NA,NA,NA,NA,NA,NA,NA,44
"347",94,"Design Museum of South Africa",NA,NA,NA,NA,NA,NA,NA,NA,NA,NA,1
"348",96,"Mariner's Wharf",NA,NA,NA,NA,NA,NA,NA,NA,NA,NA,270
"349",98,"SAPS - South African Police Museum",NA,NA,NA,NA,NA,NA,NA,NA,NA,NA,1
"350",100,"Cape Town Hollow",NA,NA,NA,NA,NA,NA,NA,NA,NA,NA,127
"351",2,"District Six Museum",NA,NA,NA,NA,NA,NA,NA,NA,NA,NA,1026
"352",4,"South African Jewish Museum",NA,NA,NA,NA,NA,NA,NA,NA,NA,NA,407
"353",6,"Iziko South African Museum and Planetarium",NA,NA,NA,NA,NA,NA,NA,NA,NA,NA,208
"354",8,"The Heart of Cape Town Museum",NA,NA,NA,NA,NA,NA,NA,NA,NA,NA,235
"355",10,"Chavonnes Battery Museum",NA,NA,NA,NA,NA,NA,NA,NA,NA,NA,56
"356",12,"Iziko Bo Kaap Museum",NA,NA,NA,NA,NA,NA,NA,NA,NA,NA,38
"357",14,"The Springbok Experience Rugby Museum",NA,NA,NA,NA,NA,NA,NA,NA,NA,NA,315
"358",16,"Iziko Slave Lodge",NA,NA,NA,NA,NA,NA,NA,NA,NA,NA,174
"359",18,"Simon's Town Museum",NA,NA,NA,NA,NA,NA,NA,NA,NA,NA,62
"360",20,"Cape Town Diamond Museum",NA,NA,NA,NA,NA,NA,NA,NA,NA,NA,229
"361",22,"Gold of Africa Museum",NA,NA,NA,NA,NA,NA,NA,NA,NA,NA,64
"362",24,"South African Naval Museum",NA,NA,NA,NA,NA,NA,NA,NA,NA,NA,34
"363",26,"First South African Perfume Museum",NA,NA,NA,NA,NA,NA,NA,NA,NA,NA,66
"364",28,"South African Airforce Museum",NA,NA,NA,NA,NA,NA,NA,NA,NA,NA,5
"365",30,"Rhodes Cottage Museum",NA,NA,NA,NA,NA,NA,NA,NA,NA,NA,19
"366",32,"Iziko South African National Gallery",NA,NA,NA,NA,NA,NA,NA,NA,NA,NA,86
"367",34,"Irma Stern Museum",NA,NA,NA,NA,NA,NA,NA,NA,NA,NA,25
"368",36,"Prins & Prins",NA,NA,NA,NA,NA,NA,NA,NA,NA,NA,60
"369",38,"Shimansky Jewellers",NA,NA,NA,NA,NA,NA,NA,NA,NA,NA,78
"370",40,"Warrior Toy Museum",NA,NA,NA,NA,NA,NA,NA,NA,NA,NA,28
"371",42,"Bo-kaap",NA,NA,NA,NA,NA,NA,NA,NA,NA,NA,701
"372",44,"Company's Gardens",NA,NA,NA,NA,NA,NA,NA,NA,NA,NA,808
"373",46,"Cape Town Holocaust Centre",NA,NA,NA,NA,NA,NA,NA,NA,NA,NA,43
"374",48,"Castle of Good Hope",NA,NA,NA,NA,NA,NA,NA,NA,NA,NA,447
"375",50,"Museum of Gems and Jewellery",NA,NA,NA,NA,NA,NA,NA,NA,NA,NA,3
"376",52,"Noorul Islam Heritage Museum",NA,NA,NA,NA,NA,NA,NA,NA,NA,NA,3
"377",54,"Cafe Riteve",NA,NA,NA,NA,NA,NA,NA,NA,NA,NA,4
"378",56,"Iziko Maritime Centre",NA,NA,NA,NA,NA,NA,NA,NA,NA,NA,6
"379",58,"Robben Island",NA,NA,NA,NA,NA,NA,NA,NA,NA,NA,3870
"380",60,"Langa Township",NA,NA,NA,NA,NA,NA,NA,NA,NA,NA,979
"381",62,"Kumanov Cosmetics",NA,NA,NA,NA,NA,NA,NA,NA,NA,NA,10
"382",64,"Victoria & Alfred Waterfront",NA,NA,NA,NA,NA,NA,NA,NA,NA,NA,4785
"383",66,"Dorp Street",NA,NA,NA,NA,NA,NA,NA,NA,NA,NA,249
"384",68,"Lwandle Migrant Labour Museum",NA,NA,NA,NA,NA,NA,NA,NA,NA,NA,5
"385",70,"SAS Assegaai Museum",NA,NA,NA,NA,NA,NA,NA,NA,NA,NA,43
"386",72,"The Lord Nelson Inn",NA,NA,NA,NA,NA,NA,NA,NA,NA,NA,14
"387",74,"Jewel Africa",NA,NA,NA,NA,NA,NA,NA,NA,NA,NA,16
"388",76,"Vergelegen Estate",NA,NA,NA,NA,NA,NA,NA,NA,NA,NA,438
"389",78,"African Trading Port",NA,NA,NA,NA,NA,NA,NA,NA,NA,NA,60
"390",80,"University of Cape Town",NA,NA,NA,NA,NA,NA,NA,NA,NA,NA,116
"391",82,"Cape Medical Museum",NA,NA,NA,NA,NA,NA,NA,NA,NA,NA,3
"392",84,"Cheriton Guest House B&B",NA,NA,NA,NA,NA,NA,NA,NA,NA,NA,277
"393",86,"Perfume Prive Workshop",NA,NA,NA,NA,NA,NA,NA,NA,NA,NA,45
"394",88,"Medical History Museum",NA,NA,NA,NA,NA,NA,NA,NA,NA,NA,0
"395",90,"Great Synagogue",NA,NA,NA,NA,NA,NA,NA,NA,NA,NA,19
"396",92,"Haas Collective Coffee",NA,NA,NA,NA,NA,NA,NA,NA,NA,NA,44
"397",94,"Design Museum of South Africa",NA,NA,NA,NA,NA,NA,NA,NA,NA,NA,1
"398",96,"Mariner's Wharf",NA,NA,NA,NA,NA,NA,NA,NA,NA,NA,270
"399",98,"SAPS - South African Police Museum",NA,NA,NA,NA,NA,NA,NA,NA,NA,NA,1
"400",100,"Cape Town Hollow",NA,NA,NA,NA,NA,NA,NA,NA,NA,NA,127
